{
    "star_recon_menu_title" : "Recon Task Restored and Expanded",
    "star_recon_menu_desc" : "Settings for recon enemies and spawn behaviour during assault. More detailed explanations in mod folder.",
    "recon_enemy_set_title" : "Enemy Set",
    "recon_enemy_set_desc" : "Which enemies to use. Most noticable below overkill difficulty.",
    "enemy_set_normal" : "Normal",
    "enemy_set_no_cops" : "No Cops",
    "enemy_set_classic" : "Classic",
    "enemy_set_swats" : "SMG Swat",
    "enemy_set_assault" : "Assault groups",
    "recon_murky_set_title" : "Murky Equivalents",
    "recon_murky_set_desc" : "Which enemies to use for murkywater recon. Doesn't affect 'SMG Swat' or 'Assault groups' enemy sets.",
    "murky_set_normal" : "Normal",
    "murky_set_flashlights" : "Flashlight Heavies",
    "murky_set_old" : "Old",
    "recon_bronco_guy_exp" : "Bronco Guy",
    "recon_assault_condition_title" : "Spawn In Assault",
    "recon_assault_condition_desc" : "Under what condition will recon enemies spawn during an assault",
    "assault_condition_never" : "Never",
    "assault_condition_hostage" : "If Hostages",
    "assault_condition_any" : "If Any Objective",
    "assault_condition_always" : "Always",
    "recon_allow_reinforce_title" : "Allow Reinforce",
    "recon_allow_reinforce_desc" : "If enabled, restores the reinforce task as well."
}